{
  "credit": "Blockbench",
  "textures": {
    "0": "minecraft:item/custom/gold_zombie"
  },
  "elements": [
    { "from": [6, 0, 6],  "to": [10, 6, 10], "faces": {"north":{"texture":"#0"},"south":{"texture":"#0"},"west":{"texture":"#0"},"east":{"texture":"#0"},"up":{"texture":"#0"},"down":{"texture":"#0"}}},   // ступни
    { "from": [6, 6, 6],  "to": [10, 14, 10], "faces": {"north":{"texture":"#0"},"south":{"texture":"#0"},"west":{"texture":"#0"},"east":{"texture":"#0"},"up":{"texture":"#0"},"down":{"texture":"#0"}}},  // голени
    { "from": [4, 14, 4], "to": [12, 26, 12], "faces": {"north":{"texture":"#0"},"south":{"texture":"#0"},"west":{"texture":"#0"},"east":{"texture":"#0"},"up":{"texture":"#0"},"down":{"texture":"#0"}}}, // торс
    { "from": [3, 26, 3], "to": [13, 34, 13], "faces": {"north":{"texture":"#0"},"south":{"texture":"#0"},"west":{"texture":"#0"},"east":{"texture":"#0"},"up":{"texture":"#0"},"down":{"texture":"#0"}}}, // голова
    { "from": [2, 16, 3], "to": [4, 28, 13],  "faces": {"north":{"texture":"#0"},"south":{"texture":"#0"},"west":{"texture":"#0"},"east":{"texture":"#0"},"up":{"texture":"#0"},"down":{"texture":"#0"}}},  // левая рука
    { "from": [12,16, 3], "to": [14,28, 13],  "faces": {"north":{"texture":"#0"},"south":{"texture":"#0"},"west":{"texture":"#0"},"east":{"texture":"#0"},"up":{"texture":"#0"},"down":{"texture":"#0"}}}   // правая рука
  ],
  "display": {
    "ground": {"scale":[1,1,1]},
    "gui":    {"scale":[1,1,1]},
    "thirdperson_righthand":{"scale":[1,1,1]},
    "firstperson_righthand":{"scale":[1,1,1]}
  }
}
