{
  "credit": "Blockbench",
  "textures": {
    "0": "minecraft:item/custom/gold_zombie",
    "particle": "minecraft:item/custom/gold_zombie"
  },
  "elements": [
    { "from":[6,0,6],  "to":[10,6,10],  "faces":{"north":{"texture":"#0"},"south":{"texture":"#0"},"west":{"texture":"#0"},"east":{"texture":"#0"},"up":{"texture":"#0"},"down":{"texture":"#0"}}},
    { "from":[6,6,6],  "to":[10,14,10], "faces":{"north":{"texture":"#0"},"south":{"texture":"#0"},"west":{"texture":"#0"},"east":{"texture":"#0"},"up":{"texture":"#0"},"down":{"texture":"#0"}}},
    { "from":[4,14,4], "to":[12,26,12], "faces":{"north":{"texture":"#0"},"south":{"texture":"#0"},"west":{"texture":"#0"},"east":{"texture":"#0"},"up":{"texture":"#0"},"down":{"texture":"#0"}}},
    { "from":[3,26,3], "to":[13,34,13], "faces":{"north":{"texture":"#0"},"south":{"texture":"#0"},"west":{"texture":"#0"},"east":{"texture":"#0"},"up":{"texture":"#0"},"down":{"texture":"#0"}}},
    { "from":[2,16,3], "to":[4,28,13],  "faces":{"north":{"texture":"#0"},"south":{"texture":"#0"},"west":{"texture":"#0"},"east":{"texture":"#0"},"up":{"texture":"#0"},"down":{"texture":"#0"}}},
    { "from":[12,16,3],"to":[14,28,13], "faces":{"north":{"texture":"#0"},"south":{"texture":"#0"},"west":{"texture":"#0"},"east":{"texture":"#0"},"up":{"texture":"#0"},"down":{"texture":"#0"}}}
  ]
}
